metric,type,top,ec,value
acc,forward,2,,0.48872858431018934
acc,forward,2,overall,0.48872858431018934
acc,backward,2,,0.0009017132551848512
acc,backward,2,overall,0.0009017132551848512
acc,ec,2,,1.0
acc,ec,2,overall,1.0
